{"cameraMode":{"drawMode":0,"name":"Shaded","section":"Shading Mode"},"sceneLighting":false,"audioPlay":false,"sceneViewState":{"showFog":false,"showMaterialUpdate":false,"showSkybox":false,"showFlares":false,"showImageEffects":false,"showParticleSystems":true},"in2DMode":false,"pivot":{"x":-0.01702439785003662,"y":0.004049509763717651,"z":7.976291656494141},"rotation":{"x":0.724905252456665,"y":-4.804177251571673e-7,"z":1.9889249358584494e-8,"w":0.688848614692688},"size":2.992206573486328,"orthographic":true}